{
    "Constanza": {
        "Saldo Inicial": 1500000,
        "Total Invertido": 1420805.28,
        "Restante": 79194.12,
        "Ganancias": 174318.07,
        "Perdida": -2464.7,
        "Forward": 101910.0,
        "Bonos": 125800.0,
        "Acciones": {
            "HYMTF": {
                "Cantidad": 12,
                "Precio Unitario": 839.29,
                "Total": 10071.48
            },
            "LACOMERUBC.MX": {
                "Cantidad": 0,
                "Precio Unitario": 36.04,
                "Total": 0.0
            },
            "WMT.MX": {
                "Cantidad": 2,
                "Precio Unitario": 63558.75,
                "Total": 317793.75
            },
            "1810.HK": {
                "Cantidad": 20,
                "Precio Unitario": 418.14,
                "Total": 12544.199999999999
            },
            "AZN": {
                "Cantidad": 6,
                "Precio Unitario": 1173.46,
                "Total": 7040.76
            },
            "BYND": {
                "Cantidad": 5,
                "Precio Unitario": 1422.2899999999997,
                "Total": 9956.029999999999
            },
            "HPE": {
                "Cantidad": 0,
                "Precio Unitario": 305.02,
                "Total": 0.0
            },
            "MCD": {
                "Cantidad": 5,
                "Precio Unitario": 5241.4,
                "Total": 26207.0
            },
            "TWTR": {
                "Cantidad": 10,
                "Precio Unitario": 919.14,
                "Total": 9191.4
            },
            "BOLSAA.MX": {
                "Cantidad": 12,
                "Precio Unitario": 36.05,
                "Total": 504.69999999999993
            },
            "AAPL": {
                "Cantidad": 10,
                "Precio Unitario": 3536.84,
                "Total": 35368.4
            },
            "HEIA.AS": {
                "Cantidad": 2,
                "Precio Unitario": 1877.36,
                "Total": 3754.72
            },
            "JNJ": {
                "Cantidad": 5,
                "Precio Unitario": 3382.2480000000005,
                "Total": 16911.24
            },
            "UAL": {
                "Cantidad": 0,
                "Precio Unitario": 838.43,
                "Total": 0.0
            },
            "TM": {
                "Cantidad": 2,
                "Precio Unitario": 3827.05,
                "Total": 26789.350000000002
            },
            "PFE": {
                "Cantidad": 12,
                "Precio Unitario": 1165.9583333333333,
                "Total": 13991.5
            },
            "AMZN": {
                "Cantidad": 9,
                "Precio Unitario": 73726.44888888889,
                "Total": 663538.04
            },
            "DIS": {
                "Cantidad": 6,
                "Precio Unitario": 3051.2899999999995,
                "Total": 18307.739999999998
            },
            "NVDA": {
                "Cantidad": 1,
                "Precio Unitario": 6747.62,
                "Total": 20242.86
            },
            "TGT": {
                "Cantidad": 2,
                "Precio Unitario": 5160.04,
                "Total": 25800.2
            },
            "TSLA": {
                "Cantidad": 2,
                "Precio Unitario": 23504.5,
                "Total": 47009.0
            }
        },
        "Venta": {
            "TGT": {
                "Cantidad": 3,
                "Precio Venta": 5219.25,
                "Total": 15657.75
            },
            "NVDA": {
                "Cantidad": 2,
                "Precio Venta": 6880.01,
                "Total": 13760.02
            },
            "TM": {
                "Cantidad": 5,
                "Precio Venta": 3973.09,
                "Total": 19865.45
            },
            "UAL": {
                "Cantidad": 5,
                "Precio Venta": 886.59,
                "Total": 4432.95
            },
            "BOLSAA.MX": {
                "Cantidad": 2,
                "Precio Venta": 780.55,
                "Total": 1561.1
            },
            "HPE": {
                "Cantidad": 3,
                "Precio Venta": 323.87,
                "Total": 971.61
            },
            "BYND": {
                "Cantidad": 2,
                "Precio Venta": 1439.12,
                "Total": 2878.24
            },
            "1810.HK": {
                "Cantidad": 10,
                "Precio Venta": 414.82,
                "Total": 4148.2
            },
            "LACOMERUBC.MX": {
                "Cantidad": 20,
                "Precio Venta": 779.7,
                "Total": 15594.0
            },
            "WMT.MX": {
                "Cantidad": 3,
                "Precio Venta": 62748.25,
                "Total": 188244.75
            }
        }
    }
}